ID,Age,Experience,Income,Family,CCAvg,Education,Mortgage,CD Account,Online,CreditCard,Personal Loan
1,39,13,58,3,2.1,Undergraduate,169,0,1,0,0
2,51,25,18,1,0.3,Advanced,93,0,0,1,0
3,43,13,38,3,2,Advanced,0,0,1,0,0
4,37,12,60,4,2.1,Advanced,217,0,1,0,0
5,23,,149,1,6.33,Undergraduate,305,0,0,1,0
6,60,36,30,4,1.3,Undergraduate,118,0,1,1,0
7,57,32,31,3,0.1,Masters,0,0,1,0,0
8,45,19,122,4,4.1,Masters,0,0,1,0,1
9,56,29,42,4,2.5,Masters,0,0,0,0,0
10,50,25,112,1,0.6,Undergraduate,0,0,0,0,0
11,48,22,94,4,2.6,Advanced,0,0,1,0,0
12,32,6,112,4,1.8,Masters,0,0,1,0,0
13,54,24,25,4,0.4,Advanced,115,0,0,0,0
14,61,36,108,4,3.4,Masters,0,0,1,0,0
15,31,6,175,2,6.7,Undergraduate,0,0,1,0,0
16,26,1,74,4,2.2,Undergraduate,0,0,1,0,0
17,30,4,60,4,2.2,Masters,0,0,1,0,0
18,59,34,14,1,0.1,Undergraduate,0,0,1,1,0
19,49,24,51,1,1.3,Masters,0,0,0,0,0
20,35,10,62,3,2.3,Undergraduate,0,0,0,0,0
21,29,3,172,2,4.5,Undergraduate,415,0,1,0,0
22,36,11,152,2,3.9,Undergraduate,159,0,0,1,0
23,64,40,171,2,2.1,Undergraduate,433,0,0,0,0
24,50,25,44,1,0.3,Undergraduate,187,0,1,1,0
25,45,21,142,1,1.4,Masters,0,0,1,0,1
26,45,21,29,1,0.3,Advanced,0,0,1,0,0
27,65,39,100,4,1.7,Advanced,0,0,0,1,0
28,55,31,73,3,2.67,Undergraduate,219,0,1,0,0
29,39,13,94,1,1.5,Advanced,0,0,0,1,0
30,30,5,40,4,1.7,Masters,0,0,1,0,0
31,64,38,84,1,2,Undergraduate,0,0,0,0,0
32,49,25,13,1,0.9,Advanced,0,0,1,0,0
33,41,14,9,3,1,Masters,0,0,0,0,0
34,36,11,64,4,2.1,Advanced,0,0,0,0,0
35,65,40,129,1,1.3,Undergraduate,0,0,1,1,0
36,30,4,83,2,1.5,Advanced,199,0,0,1,0
37,40,15,143,1,4.1,Undergraduate,0,0,1,0,0
38,57,33,122,2,6,Undergraduate,153,1,1,1,0
39,48,23,78,4,3.6,Advanced,0,0,1,0,0
40,58,33,95,1,2.6,Undergraduate,0,0,1,0,0
41,28,2,55,3,1.1,Masters,0,0,0,0,0
42,25,0,38,2,1.6,Advanced,0,0,0,0,0
43,36,10,39,1,2,Undergraduate,153,0,0,0,0
44,52,26,68,1,0.8,Advanced,0,0,1,1,0
45,30,4,73,3,3.3,Undergraduate,0,1,1,1,1
46,45,20,55,1,0.3,Undergraduate,0,0,1,1,0
47,45,21,63,1,0.8,Advanced,245,0,1,1,0
48,26,0,129,3,0.7,Masters,0,0,0,0,1
49,27,3,30,1,1,Advanced,80,0,0,0,0
50,40,16,115,1,3.4,Undergraduate,0,0,1,0,0
51,58,33,173,2,7.2,Advanced,0,0,1,0,1
52,41,15,158,1,4.7,Masters,0,1,0,1,1
53,57,32,135,3,4.8,Masters,0,1,1,0,1
54,57,32,70,3,1.6,Advanced,0,0,0,0,0
55,45,19,70,1,2.8,Undergraduate,0,0,0,1,0
56,35,11,101,3,3.8,Advanced,150,0,1,0,1
57,59,32,40,4,2.5,Masters,0,0,1,0,0
58,52,26,63,2,1.5,Masters,0,0,1,0,0
59,35,11,34,1,1.5,Masters,0,0,0,0,0
60,30,4,38,1,1.9,Advanced,0,0,1,0,0
61,50,25,21,2,0.7,Advanced,129,0,0,0,0
62,63,37,118,1,2,Undergraduate,427,0,0,0,0
63,59,33,99,2,2.7,Undergraduate,0,0,0,0,0
64,56,30,61,1,2.2,Advanced,0,0,1,1,0
65,55,29,60,3,2.2,Advanced,84,0,1,0,0
66,49,24,138,2,2.2,Masters,0,0,1,0,1
67,53,28,41,2,0.6,Advanced,193,0,0,0,0
68,64,39,172,4,3.1,Undergraduate,282,1,1,1,1
69,49,24,50,4,1.8,Advanced,0,0,0,0,0
70,61,36,21,4,0.4,Masters,123,0,0,0,0
71,44,18,33,3,1.5,Undergraduate,0,0,1,1,0
72,43,19,125,3,2.4,Undergraduate,0,0,1,0,1
73,64,38,35,1,0.5,Advanced,0,0,1,0,0
74,48,23,15,4,0.8,Undergraduate,0,0,1,0,0
75,52,28,54,4,0.1,Advanced,0,0,0,1,0
76,27,3,81,3,1.5,Undergraduate,307,1,1,1,0
77,51,25,173,1,0.5,Masters,0,0,1,0,1
78,54,28,65,1,0.2,Undergraduate,0,0,0,1,0
79,42,18,43,1,0.3,Advanced,158,0,0,0,0
80,60,36,129,2,6,Undergraduate,0,0,0,0,0
81,59,35,35,1,1.2,Advanced,122,0,1,0,0
82,42,18,41,1,1.8,Undergraduate,94,0,1,0,0
83,30,5,122,2,3.1,Undergraduate,0,0,0,0,0
84,47,23,88,4,1.4,Masters,0,0,0,0,0
85,40,15,10,2,0,Advanced,102,0,1,0,0
86,54,29,81,2,0,Advanced,0,0,1,0,0
87,38,14,81,1,3.6,Masters,0,0,1,1,0
88,61,35,63,3,2.2,Advanced,0,0,0,0,0
89,28,4,69,3,0.7,Masters,80,0,1,0,0
90,46,19,82,3,2.67,Masters,0,0,0,0,0
91,38,12,179,2,0,Undergraduate,380,0,0,0,0
92,33,9,44,1,1.2,Undergraduate,0,0,0,0,0
93,60,34,65,3,2.2,Advanced,94,1,0,1,0
94,44,20,75,4,1.9,Undergraduate,0,0,0,0,0
95,57,32,,4,0.9,Masters,78,0,1,0,0
96,37,12,193,1,8.6,Undergraduate,0,0,0,0,0
97,61,36,25,2,0.5,Masters,0,0,1,1,0
98,45,20,,3,2.7,Masters,0,0,0,1,0
99,54,29,72,2,3.7,Undergraduate,144,0,1,0,0
100,57,32,81,2,3.7,Undergraduate,226,0,1,1,0
101,43,19,32,4,0.3,Undergraduate,0,0,0,0,0
102,50,24,22,1,0.3,Advanced,0,0,0,1,0
103,67,41,114,4,2.4,Advanced,0,0,1,0,0
104,51,26,62,1,1.3,Masters,221,0,1,0,0
105,49,24,79,1,0.2,Masters,83,0,1,1,0
106,55,29,61,4,2.8,Masters,0,0,1,1,0
107,51,27,92,4,3,Undergraduate,0,1,1,1,1
108,60,33,55,4,2.5,Masters,0,0,1,0,0
109,43,19,82,2,1.8,Masters,0,0,1,1,0
110,31,7,25,2,1,Masters,0,1,1,1,0
111,55,25,41,3,1,Advanced,0,0,1,0,0
112,28,-2,48,2,1.75,Advanced,89,0,1,0,0
113,29,3,52,3,1.1,Masters,0,0,1,0,0
114,30,5,85,1,2.6,Masters,0,0,1,0,0
115,58,34,44,4,2.2,Undergraduate,0,0,0,0,0
116,40,14,39,1,2,Undergraduate,0,0,1,0,0
117,50,24,32,4,1.8,Undergraduate,109,0,1,0,0
118,63,38,111,2,3.9,Undergraduate,207,1,1,1,0
119,31,7,15,3,0.9,Advanced,0,0,1,0,0
120,53,23,39,3,1,Advanced,87,0,1,0,0
121,39,13,69,3,0.1,Undergraduate,0,0,0,0,0
122,31,7,31,4,0.4,Masters,79,0,0,0,0
123,53,27,38,4,2.8,Masters,144,0,1,0,0
124,48,24,18,4,0.2,Undergraduate,0,0,1,1,0
125,27,1,91,2,0.2,Undergraduate,0,0,1,0,0
126,42,16,11,1,0.2,Undergraduate,87,0,0,1,0
127,58,33,60,4,1.3,Advanced,0,0,1,0,0
128,43,17,81,4,2.6,Advanced,0,0,1,0,0
129,35,9,44,4,0.2,Undergraduate,0,0,1,0,0
130,29,5,31,4,0.4,Masters,161,0,1,1,0
131,63,37,80,2,1.7,Advanced,0,0,1,1,0
132,58,32,61,3,2.2,Advanced,0,0,1,1,0
133,34,9,89,1,0,Undergraduate,0,0,1,0,0
134,33,8,155,1,7.4,Advanced,0,0,0,0,1
135,54,28,31,2,0.4,Advanced,0,0,0,0,0
136,63,39,52,2,1.1,Undergraduate,0,0,1,1,0
137,41,17,80,1,0.3,Undergraduate,0,0,0,0,0
138,35,11,58,3,2.8,Undergraduate,0,0,1,0,0
139,31,6,64,2,2.5,Undergraduate,0,0,1,0,0
140,43,18,89,3,0.5,Advanced,108,0,0,1,0
141,41,17,85,4,0.2,Advanced,229,0,0,0,0
142,47,21,82,3,2.1,Undergraduate,0,0,0,0,0
143,35,10,81,3,0.6,Masters,104,0,1,0,0
144,38,13,41,4,1.7,Undergraduate,0,0,1,0,0
145,51,25,44,3,0.9,Advanced,0,0,0,0,0
146,62,37,50,3,2.4,Undergraduate,0,0,1,0,0
147,60,34,40,1,1.6,Undergraduate,0,0,1,0,0
148,33,8,162,1,8.6,Undergraduate,0,1,1,1,0
149,40,10,44,3,2,Advanced,0,0,1,0,0
150,32,8,200,2,6.5,Undergraduate,565,0,1,0,0
151,48,23,112,1,5.1,Masters,86,1,1,0,1
152,38,13,191,2,3,Undergraduate,0,0,1,0,0
153,62,36,58,1,2.8,Masters,0,0,0,1,0
154,30,6,29,3,1,Masters,117,0,0,0,0
155,31,7,128,1,6,Undergraduate,0,0,0,0,0
156,56,32,158,1,7.4,Undergraduate,0,0,0,0,0
157,39,13,25,4,1.5,Advanced,0,0,1,0,0
158,41,14,51,3,2.33,Masters,0,0,1,0,0
159,42,16,32,3,1.5,Undergraduate,149,0,1,0,0
160,64,39,24,4,0.4,Masters,78,0,1,0,0
161,60,34,60,1,2.5,Advanced,103,0,0,0,0
162,63,37,61,1,2.5,Advanced,0,0,0,0,0
163,54,30,18,1,0.3,Undergraduate,0,1,1,0,0
164,50,23,9,2,1,Masters,0,0,1,0,0
165,29,3,80,4,1.8,Masters,0,0,1,1,0
166,28,4,159,1,1.5,Undergraduate,0,0,1,1,0
167,35,10,24,4,1.1,Advanced,0,0,0,0,0
168,42,18,49,3,2.1,Advanced,0,0,1,0,0
169,34,10,154,3,5.4,Masters,0,0,1,0,1
170,27,3,35,1,1.8,Masters,0,0,0,0,0
171,63,38,54,3,2.2,Undergraduate,0,0,1,0,0
172,62,37,9,1,0.1,Undergraduate,94,0,0,0,0
173,63,38,,4,0.6,Masters,100,0,1,1,0
174,56,26,81,2,4.5,Advanced,0,0,0,1,0
175,62,38,64,4,2.2,Undergraduate,123,1,1,1,0
176,65,41,79,3,2,Advanced,0,0,0,0,0
177,44,18,43,2,0.7,Undergraduate,163,0,0,0,0
178,32,6,120,4,5.4,Undergraduate,301,1,1,1,1
179,56,26,92,2,4.5,Advanced,0,0,0,1,0
180,62,38,54,1,0.8,Undergraduate,0,0,0,1,0
181,32,7,49,3,2.3,Undergraduate,0,0,1,0,0
182,40,16,140,3,5.6,Undergraduate,0,0,0,0,1
183,33,7,104,2,3.6,Advanced,0,0,0,1,1
184,30,6,160,1,4.3,Undergraduate,249,0,1,0,0
185,41,15,49,3,0.9,Advanced,0,1,1,1,0
186,46,22,118,1,4.7,Undergraduate,159,0,0,1,0
187,43,19,58,2,3.2,Undergraduate,0,0,1,0,0
188,52,28,55,2,3.2,Advanced,151,0,0,0,0
189,37,13,38,1,1.5,Masters,116,0,0,1,0
190,32,7,64,2,0.1,Undergraduate,0,0,1,1,0
191,30,3,79,4,2,Masters,0,0,1,0,0
192,63,39,72,3,2,Advanced,190,0,1,0,0
193,54,28,90,1,0.3,Undergraduate,0,0,1,0,0
194,59,35,75,4,2.3,Advanced,0,0,0,0,0
195,31,5,49,4,1.8,Advanced,0,0,1,1,0
196,38,14,90,2,2.7,Undergraduate,0,0,1,1,0
197,51,27,12,3,0.4,Undergraduate,0,1,1,1,0
198,46,22,19,3,0.5,Undergraduate,0,0,1,0,0
199,29,3,40,1,1.9,Advanced,0,0,1,0,0
200,37,12,81,1,2.8,Undergraduate,0,0,0,0,0
201,34,10,34,1,1.5,Masters,111,0,0,1,0
202,63,38,159,4,4.9,Masters,111,0,0,0,1
203,51,24,23,1,0.5,Masters,0,0,1,0,0
204,47,23,22,4,0.6,Undergraduate,0,0,1,1,0
205,55,30,54,3,1.7,Undergraduate,0,0,1,0,0
206,36,11,9,4,0.2,Advanced,0,0,0,1,0
207,55,25,65,4,2,Advanced,0,0,1,0,0
208,43,18,63,3,0.8,Advanced,0,0,0,0,0
209,50,25,19,4,0.4,Masters,103,0,1,1,0
210,51,27,39,2,0.8,Undergraduate,182,0,0,1,0
211,60,34,105,2,1.4,Undergraduate,0,0,1,0,0
212,31,5,22,1,0.6,Advanced,0,0,0,0,0
213,60,34,35,1,0.2,Undergraduate,0,0,1,0,0
214,47,23,130,2,1.4,Undergraduate,0,0,0,0,0
215,32,7,100,3,0.6,Masters,0,0,1,0,0
216,34,8,28,3,0.9,Undergraduate,0,0,0,0,0
217,28,3,123,1,0.8,Undergraduate,146,0,0,0,0
218,59,35,60,1,0,Masters,0,0,1,1,0
219,26,0,155,2,7.2,Undergraduate,0,0,0,0,0
220,34,10,84,4,0.1,Masters,0,0,1,0,0
221,49,25,44,4,0.9,Masters,194,0,1,0,0
222,50,26,92,1,2.6,Masters,213,0,0,1,0
223,31,7,192,1,0,Masters,0,0,1,0,1
224,46,22,198,2,6.67,Undergraduate,0,0,0,1,0
225,66,41,73,3,2.4,Undergraduate,0,0,0,0,0
226,24,0,60,4,1.6,Undergraduate,0,0,1,0,0
227,44,20,72,3,0.3,Advanced,0,0,1,0,0
228,44,18,68,4,2.9,Undergraduate,0,0,0,0,0
229,30,6,115,4,3.8,Masters,0,0,1,0,1
230,57,27,63,3,2,Advanced,0,0,1,0,0
231,44,20,149,1,1.7,Undergraduate,0,0,1,0,0
232,50,,110,3,1.8,Masters,0,0,1,0,0
233,43,19,54,2,1.7,Undergraduate,0,0,1,0,0
234,54,28,83,3,0.8,Undergraduate,0,0,1,0,0
235,56,31,59,2,1.9,Masters,0,0,1,0,0
236,32,6,25,3,1,Undergraduate,0,0,1,0,0
237,48,24,20,1,1,Undergraduate,0,0,1,1,0
238,64,38,143,2,6.4,Advanced,0,1,1,0,1
239,53,27,92,2,1.1,Undergraduate,0,0,0,0,0
240,50,24,130,1,1,Undergraduate,0,0,0,0,0
241,62,37,15,3,0.1,Advanced,91,0,0,0,0
242,66,41,145,1,2.5,Undergraduate,0,0,1,0,0
243,42,18,60,4,0.2,Advanced,151,0,0,1,0
244,55,29,81,4,4.9,Undergraduate,209,0,1,0,0
245,56,32,28,1,1.2,Advanced,0,0,1,0,0
246,57,32,44,2,1.9,Masters,157,0,0,0,0
247,28,2,188,2,4.5,Undergraduate,0,0,1,0,0
248,30,6,181,1,4.3,Undergraduate,230,0,1,0,0
249,37,11,42,3,0.5,Advanced,0,0,1,1,0
250,33,7,90,3,1.6,Undergraduate,0,0,1,0,0
251,47,22,33,1,1.4,Advanced,0,0,1,0,0
252,52,28,178,3,5.4,Advanced,147,0,1,0,1
253,46,20,54,4,2.9,Undergraduate,189,0,1,1,0
254,33,3,59,2,1.75,Advanced,0,0,1,0,0
255,55,30,70,3,2,Masters,0,0,1,1,0
256,54,28,48,4,2.8,Masters,0,0,1,0,0
257,33,7,81,2,4.5,Advanced,187,1,1,1,0
258,37,11,84,4,2.2,Masters,0,0,1,1,0
259,64,40,90,2,0,Advanced,134,0,0,0,0
260,40,15,43,2,1.1,Masters,0,0,0,1,0
261,46,22,74,3,0.7,Undergraduate,0,0,1,0,0
262,61,35,41,4,1.7,Masters,0,0,1,0,0
263,55,29,19,4,0.7,Advanced,121,0,0,1,0
264,62,38,39,4,2.2,Undergraduate,0,0,1,0,0
265,62,38,124,1,3.8,Undergraduate,405,0,1,0,0
266,30,,42,1,2.1,Advanced,144,0,0,1,0
267,33,7,44,1,0.3,Undergraduate,0,0,0,0,0
268,39,13,93,1,1.5,Advanced,0,0,0,1,0
269,44,19,50,3,2.7,Masters,0,0,1,0,0
270,26,2,172,2,6.9,Masters,0,0,1,0,1
271,44,19,154,2,8.8,Undergraduate,0,0,1,0,0
272,49,25,163,2,0.4,Undergraduate,0,0,0,0,0
273,52,26,78,3,3,Masters,0,0,0,1,0
274,25,-1,13,4,0.4,Undergraduate,0,0,0,0,0
275,60,35,65,2,1.5,Undergraduate,220,0,0,1,0
276,58,32,41,3,2.2,Advanced,148,0,1,1,0
277,60,35,64,2,2.8,Undergraduate,0,0,0,0,0
278,51,27,12,4,1,Undergraduate,0,0,1,0,0
279,63,38,28,2,0.5,Masters,89,0,1,0,0
280,59,35,95,1,3.8,Undergraduate,0,0,1,1,0
281,54,28,85,4,4.9,Undergraduate,0,0,1,0,0
282,40,14,92,4,1.4,Masters,0,0,1,0,0
283,55,30,22,1,1.5,Masters,91,0,0,1,0
284,29,2,29,4,1.5,Masters,0,0,0,1,0
285,42,15,34,3,1,Masters,0,0,1,0,0
286,34,8,40,2,2,Advanced,89,0,0,0,0
287,60,34,19,3,0.3,Advanced,0,0,1,0,0
288,40,16,61,3,2.1,Advanced,0,0,0,0,0
289,34,9,195,2,3,Undergraduate,122,0,1,0,0
290,62,36,105,2,2.8,Undergraduate,336,0,0,0,0
291,65,41,133,4,2,Undergraduate,0,0,0,1,1
292,42,17,114,2,0.4,Undergraduate,0,0,0,0,0
293,46,21,38,1,2.4,Undergraduate,130,0,1,0,0
294,28,2,149,2,7.2,Undergraduate,0,0,1,0,0
295,40,16,64,4,2.67,Undergraduate,0,0,1,0,0
296,66,42,39,1,1.9,Masters,0,0,1,1,0
297,27,1,130,3,2.9,Masters,0,0,0,0,1
298,44,20,33,4,0.3,Undergraduate,142,0,0,1,0
299,50,24,62,2,0.8,Advanced,0,0,1,0,0
300,59,34,80,3,0.5,Undergraduate,0,0,1,1,0
301,50,25,58,1,1.3,Masters,0,0,1,0,0
302,33,7,15,1,0.4,Masters,82,1,1,1,0
303,30,4,40,4,0.8,Undergraduate,0,0,1,0,0
304,32,8,183,1,6,Undergraduate,0,0,0,0,0
305,63,37,101,2,2.8,Undergraduate,0,0,0,0,0
306,64,39,145,1,0.9,Undergraduate,0,0,0,0,0
307,35,8,48,2,1.67,Masters,0,0,1,0,0
308,53,28,38,1,1.3,Masters,0,0,1,0,0
309,37,13,115,1,0.8,Masters,0,0,1,1,0
310,45,21,218,2,6.67,Undergraduate,0,0,1,0,0
311,65,39,170,3,7.9,Advanced,99,1,1,0,1
312,55,30,32,4,0.1,Advanced,0,0,0,0,0
313,29,5,122,4,3,Undergraduate,0,0,0,1,1
314,36,10,20,4,0.3,Undergraduate,97,0,1,0,0
315,35,11,93,2,2.7,Undergraduate,0,0,1,1,0
316,32,8,70,3,1.5,Undergraduate,0,0,1,0,0
317,63,37,15,1,0.8,Masters,115,0,1,0,0
318,30,4,34,2,0.3,Masters,0,0,1,1,0
319,38,14,25,4,1,Undergraduate,0,0,0,0,0
320,48,24,71,2,1.7,Undergraduate,145,0,0,1,0
321,40,15,40,2,2.2,Advanced,107,0,1,0,0
322,29,3,154,2,2,Undergraduate,130,0,0,0,0
323,35,10,33,4,1.7,Undergraduate,87,0,1,0,0
324,34,10,45,3,2.8,Undergraduate,153,0,1,1,0
325,59,35,174,1,4.7,Undergraduate,0,0,1,1,0
326,51,27,21,3,0.4,Undergraduate,0,0,1,0,0
327,47,,33,1,1,Undergraduate,0,0,1,1,0
328,58,32,63,1,1.6,Undergraduate,0,0,1,0,0
329,55,29,21,4,0.7,Advanced,0,0,0,0,0
330,60,35,29,3,1.3,Masters,0,0,0,0,0
331,32,8,32,2,1,Masters,103,1,1,1,0
332,31,5,20,2,0.3,Undergraduate,0,0,0,0,0
333,32,8,169,1,6.5,Advanced,272,1,1,0,1
334,65,39,44,1,0.5,Advanced,0,0,1,1,0
335,40,15,82,3,1,Undergraduate,309,0,0,0,0
336,35,9,79,4,2.2,Masters,0,0,0,0,0
337,40,15,18,2,0.1,Masters,119,0,1,1,0
338,45,19,11,1,0.2,Undergraduate,91,0,0,0,0
339,33,9,49,1,2.4,Masters,0,0,1,0,0
340,39,14,21,1,0.6,Advanced,101,0,0,0,0
341,35,9,50,4,2.2,Masters,0,0,0,0,0
342,51,25,185,1,1.7,Undergraduate,0,0,0,0,0
343,56,26,38,3,1,Advanced,110,0,1,0,0
344,49,23,114,1,0.3,Undergraduate,286,0,1,0,0
345,61,36,50,4,1.7,Undergraduate,189,0,1,0,0
346,26,0,44,4,1.3,Advanced,0,0,0,0,0
347,49,23,133,1,7.3,Undergraduate,0,0,1,1,0
348,61,37,54,4,1.2,Masters,129,0,1,1,0
349,44,14,44,3,2,Advanced,180,1,1,1,0
350,33,7,120,1,3.2,Advanced,0,0,1,0,1
351,63,38,52,2,2.8,Undergraduate,0,0,1,0,0
352,43,18,21,2,1.4,Masters,0,0,1,1,0
353,42,18,62,3,2.1,Advanced,0,0,1,0,0
354,42,18,51,3,2.1,Advanced,0,0,0,0,0
355,61,35,38,2,1,Advanced,0,0,0,0,0
356,40,16,75,3,2.33,Undergraduate,79,0,0,0,0
357,30,6,83,4,3.4,Undergraduate,0,0,1,0,0
358,55,28,39,3,1,Masters,0,0,1,1,0
359,65,40,34,1,1.1,Advanced,119,0,1,1,0
360,63,37,191,2,4.3,Advanced,205,0,0,0,1
361,44,18,53,1,0.2,Undergraduate,0,0,1,0,0
362,43,17,98,3,1.1,Undergraduate,0,0,0,0,0
363,30,6,139,1,4.3,Undergraduate,0,0,1,0,0
364,54,27,43,3,1,Masters,169,0,0,0,0
365,39,14,42,1,2.5,Advanced,0,0,1,0,0
366,59,35,58,1,0,Masters,0,0,1,0,0
367,31,5,72,3,1.6,Undergraduate,0,0,1,0,0
368,54,30,133,2,2.6,Advanced,0,0,0,0,1
369,37,12,40,2,1.1,Masters,0,0,0,1,0
370,62,36,183,2,3.4,Advanced,0,0,0,0,1
371,26,0,23,1,0.1,Masters,0,0,0,0,0
372,30,4,85,4,2.1,Advanced,0,0,1,0,0
373,43,17,48,3,2.2,Masters,0,0,0,1,0
374,54,29,79,4,3.8,Masters,0,0,1,0,0
375,31,5,184,4,3.4,Masters,0,1,1,1,1
376,33,8,54,3,2.3,Undergraduate,0,0,0,1,0
377,44,19,45,4,0,Masters,0,0,1,1,0
378,29,3,31,4,0.3,Masters,0,0,1,0,0
379,47,21,90,2,0.8,Advanced,0,0,0,0,0
380,46,21,39,2,1.3,Undergraduate,101,0,1,0,0
381,35,9,141,2,4.5,Masters,0,0,0,0,1
382,33,8,175,2,6.7,Undergraduate,102,0,1,0,0
383,46,20,12,4,0.6,Advanced,0,0,0,1,0
384,57,32,68,4,0.7,Undergraduate,191,0,1,1,0
385,42,16,62,1,0.7,Advanced,170,1,1,1,0
386,39,15,82,1,0.8,Masters,0,0,1,0,0
387,60,35,108,1,0.9,Undergraduate,0,0,0,0,0
388,49,24,39,1,1.4,Advanced,0,0,1,0,0
389,51,26,78,1,1.2,Undergraduate,305,0,1,0,0
390,47,21,68,4,2.6,Advanced,0,0,0,0,0
391,59,35,102,4,3,Masters,115,0,1,0,1
392,29,3,41,1,1.9,Advanced,0,0,1,1,0
393,55,29,79,4,4.9,Undergraduate,0,0,0,0,0
394,41,16,155,1,7,Undergraduate,0,0,0,0,0
395,54,29,60,4,3.8,Masters,0,0,1,1,0
396,39,13,93,4,3.6,Advanced,0,0,1,0,1
397,52,28,179,4,4.2,Advanced,0,0,0,0,1
398,49,25,65,2,1,Advanced,0,0,1,1,0
399,57,33,155,1,7.4,Undergraduate,0,0,1,0,0
400,49,23,32,4,1.8,Undergraduate,83,0,0,0,0
401,56,32,15,1,0.1,Masters,0,0,1,0,0
402,52,26,114,1,4.9,Undergraduate,0,0,0,0,0
403,38,12,30,2,1.4,Advanced,0,0,0,1,0
404,24,-2,135,2,7.2,Undergraduate,0,0,1,0,0
405,31,7,71,1,0.1,Undergraduate,78,0,0,0,0
406,56,31,65,2,3.7,Undergraduate,0,0,1,0,0
407,29,4,14,4,0.5,Advanced,0,0,0,1,0
408,24,0,59,4,1.6,Undergraduate,0,0,0,0,0
409,48,24,81,3,0.7,Undergraduate,0,0,0,0,0
410,51,27,88,1,2.6,Masters,0,0,0,1,0
411,58,32,41,3,1.4,Undergraduate,0,0,1,0,0
412,50,26,40,4,1.1,Masters,131,0,0,0,0
413,40,14,78,4,1.4,Masters,194,0,1,1,0
414,40,16,83,4,2.67,Undergraduate,0,0,1,1,0
415,59,35,55,1,1.8,Advanced,0,0,0,0,0
416,44,17,128,2,3.25,Masters,0,0,0,1,1
417,33,7,51,4,2.1,Advanced,0,0,0,1,0
418,62,37,128,1,2.5,Undergraduate,0,0,0,0,0
419,61,35,38,2,0.3,Undergraduate,0,0,0,0,0
420,50,26,19,2,0.4,Undergraduate,118,0,1,0,0
421,57,31,40,2,0.3,Undergraduate,0,1,1,1,0
422,32,8,42,1,0.2,Advanced,102,0,1,0,0
423,31,6,53,4,2.2,Undergraduate,114,0,1,0,0
424,27,1,142,3,5.5,Undergraduate,0,0,0,0,1
425,43,17,82,1,5.2,Undergraduate,79,0,1,0,0
426,29,4,184,4,2.2,Advanced,612,0,1,0,1
427,48,23,30,3,1.7,Masters,162,0,1,0,0
428,48,23,22,1,0.1,Undergraduate,0,0,0,0,0
429,53,28,43,2,2.1,Advanced,0,1,1,1,0
430,35,10,58,4,0.7,Advanced,232,0,0,0,0
431,27,1,85,2,1.6,Advanced,0,0,0,0,0
432,46,20,55,1,1.5,Masters,0,0,0,0,0
433,49,24,30,4,0.4,Masters,157,1,1,1,0
434,29,3,91,1,3.4,Advanced,0,0,0,0,1
435,59,35,53,4,2.3,Advanced,174,0,1,0,0
436,52,26,83,1,3.1,Undergraduate,0,0,1,0,1
437,32,7,112,1,4.6,Undergraduate,366,0,0,0,0
438,25,1,113,2,0.2,Undergraduate,0,0,1,1,0
439,62,36,32,2,0.2,Advanced,0,0,1,1,0
440,57,32,63,4,0.7,Undergraduate,0,0,1,0,0
441,42,18,31,1,0.3,Advanced,0,0,0,1,0
442,49,23,194,4,8.3,Masters,0,0,0,1,1
443,36,9,115,4,2.2,Masters,0,0,0,0,1
444,41,17,53,2,2.5,Undergraduate,102,0,1,0,0
445,35,11,85,4,0.1,Masters,131,0,0,0,0
446,38,12,61,4,0.2,Advanced,0,0,1,0,0
447,52,26,35,3,0.9,Advanced,0,0,0,0,0
448,50,24,161,3,3.4,Undergraduate,212,0,1,0,1
449,42,18,71,3,2.33,Undergraduate,106,0,1,0,0
450,39,15,109,1,1.7,Undergraduate,0,0,1,0,0
451,26,0,83,3,3.9,Masters,0,0,1,0,1
452,59,35,151,2,6,Undergraduate,0,0,1,0,0
453,31,6,55,4,2,Masters,185,0,1,0,0
454,57,32,21,1,0.3,Advanced,117,0,0,0,0
455,28,4,32,3,1,Masters,0,0,0,0,0
456,57,33,149,1,4.7,Undergraduate,0,0,0,0,0
457,59,35,40,4,0.4,Undergraduate,0,0,0,0,0
458,36,12,154,3,6.4,Undergraduate,0,0,0,0,1
459,63,38,135,2,3.8,Advanced,183,0,0,0,1
460,32,7,101,4,2.2,Masters,0,0,1,0,0
461,30,5,112,4,5,Masters,0,0,0,1,1
462,35,11,82,4,3.4,Undergraduate,0,0,0,0,0
463,59,34,21,3,1.3,Masters,0,0,1,1,0
464,25,-1,39,3,2.4,Masters,0,0,1,0,0
465,58,33,24,2,0.5,Masters,0,0,1,0,0
466,59,33,113,2,2,Undergraduate,77,0,1,0,0
467,40,15,52,3,0.8,Advanced,113,0,1,0,0
468,33,8,20,3,1.3,Undergraduate,83,0,0,1,0
469,51,25,30,3,0.6,Masters,144,0,0,1,0
470,57,32,69,4,0.7,Undergraduate,245,0,0,0,0
471,64,38,29,3,0.7,Masters,0,0,1,0,0
472,52,28,72,1,0,Undergraduate,178,0,0,0,0
473,25,-2,35,4,1,Advanced,0,0,1,0,0
474,47,20,49,3,2.5,Masters,0,0,1,0,0
475,62,32,19,1,1.5,Advanced,0,0,0,0,0
476,49,23,79,3,0.7,Masters,151,0,1,0,0
477,37,13,45,1,1.8,Undergraduate,0,0,0,0,0
478,56,31,52,3,2,Masters,0,1,1,1,0
479,34,8,38,4,0.2,Undergraduate,0,0,0,0,0
480,45,21,102,4,4.7,Masters,81,0,0,0,1
481,48,23,45,1,0.3,Undergraduate,0,0,1,1,0
482,35,10,79,4,2.1,Advanced,182,0,1,0,0
483,28,3,142,1,0.8,Undergraduate,0,0,1,0,0
484,49,25,43,1,1.6,Masters,0,0,1,1,0
485,48,24,14,3,0.4,Undergraduate,0,0,1,0,0
486,33,8,62,1,1,Undergraduate,0,0,1,0,0
487,37,12,55,1,2.5,Advanced,0,0,1,0,0
488,25,1,54,4,1.6,Undergraduate,0,0,1,1,0
489,36,11,32,3,1.3,Undergraduate,0,0,0,0,0
490,41,15,159,1,5.5,Advanced,0,1,1,0,1
491,43,18,19,2,0.3,Masters,0,0,1,0,0
492,26,1,190,4,1.3,Masters,197,0,1,0,1
493,36,11,39,4,1.7,Undergraduate,0,0,1,0,0
494,63,37,39,2,0.7,Advanced,0,0,1,1,0
495,42,18,34,1,2,Masters,0,0,0,0,0
496,46,21,42,4,1.9,Advanced,0,0,1,0,0
497,51,26,20,2,0,Undergraduate,0,0,0,0,0
498,61,35,154,2,6.9,Undergraduate,0,0,0,0,0
499,49,24,82,1,2.9,Undergraduate,267,0,1,0,0
500,62,38,30,3,0.1,Advanced,128,0,1,0,0
501,59,33,73,2,1.7,Advanced,0,0,1,1,0
502,34,8,171,2,2.2,Masters,569,0,1,0,1
503,31,7,149,1,6,Undergraduate,0,0,0,0,0
504,32,8,82,3,1.5,Undergraduate,0,0,1,1,0
505,54,28,60,4,2.6,Advanced,0,0,0,0,0
506,60,35,34,1,0.3,Advanced,0,0,1,0,0
507,56,32,33,3,1.5,Undergraduate,0,0,0,0,0
508,45,19,31,3,0.5,Masters,0,0,1,1,0
509,57,33,61,3,2.67,Undergraduate,0,0,1,0,0
510,40,16,104,2,1.8,Masters,0,0,0,0,0
511,30,5,38,4,0.8,Undergraduate,129,0,1,1,0
512,28,2,51,4,1.8,Masters,0,0,0,0,0
513,60,35,43,3,0.9,Advanced,0,0,1,1,0
514,29,5,28,1,0.2,Advanced,0,0,1,0,0
515,45,20,22,1,0.1,Undergraduate,0,0,0,0,0
516,36,6,11,1,0.67,Advanced,0,1,1,1,0
517,37,12,72,4,0.7,Advanced,0,0,0,0,0
518,45,21,32,4,0.6,Undergraduate,77,0,0,1,0
519,36,6,25,1,0.67,Advanced,0,0,1,0,0
520,51,27,20,4,0.5,Masters,0,0,1,0,0
521,31,6,19,4,1.1,Advanced,104,1,1,1,0
522,26,2,40,1,1,Advanced,0,0,1,0,0
523,28,4,104,3,2.5,Undergraduate,0,0,0,0,0
524,48,24,9,4,0.5,Masters,0,0,0,1,0
525,64,38,168,4,5.7,Advanced,0,0,1,0,1
526,58,34,68,2,2.8,Undergraduate,113,0,0,0,0
527,48,23,191,2,2.8,Undergraduate,231,0,0,1,0
528,62,36,115,2,2.8,Undergraduate,202,0,1,1,0
529,45,21,85,2,3.2,Undergraduate,0,0,1,0,0
530,59,35,38,1,0.8,Undergraduate,0,0,1,0,0
531,30,6,191,2,4.4,Masters,0,0,1,0,1
532,59,35,31,3,0.4,Masters,0,0,1,1,0
533,51,27,12,2,0.2,Undergraduate,0,0,0,0,0
534,34,9,35,3,1.3,Undergraduate,0,0,0,0,0
535,43,18,13,2,0.1,Masters,0,1,1,1,0
536,58,28,58,3,2,Advanced,0,0,1,0,0
537,47,22,15,2,0.7,Advanced,0,0,0,0,0
538,63,38,153,1,1.3,Undergraduate,455,0,0,0,0
539,62,38,53,1,0,Masters,0,0,0,0,0
540,32,7,54,4,1.3,Undergraduate,0,0,1,0,0
541,39,14,85,3,1.2,Advanced,107,0,1,1,0
542,62,38,58,4,1.2,Masters,228,0,0,1,0
543,61,37,40,4,2.2,Undergraduate,0,1,1,1,0
544,56,30,145,4,5.7,Masters,0,1,1,1,1
545,53,29,39,3,1.5,Undergraduate,0,0,1,0,0
546,55,31,34,3,1.5,Undergraduate,101,0,1,0,0
547,25,-1,101,4,2.1,Advanced,0,0,0,1,0
548,44,18,55,1,0.2,Undergraduate,0,0,0,0,0
549,44,20,180,2,7.6,Undergraduate,524,0,0,1,0
550,56,30,111,4,0.3,Undergraduate,372,1,1,0,1
551,62,37,19,3,0.5,Undergraduate,89,0,0,0,0
552,39,14,43,3,0.7,Masters,153,0,1,0,0
553,54,28,79,4,2.6,Advanced,0,0,0,0,0
554,47,22,81,4,3.6,Advanced,0,0,1,1,0
555,43,19,129,1,5,Undergraduate,0,0,1,0,0
556,48,22,42,3,0.6,Masters,121,0,1,0,0
557,58,34,19,4,0.7,Undergraduate,0,0,0,0,0
558,34,9,105,3,1.2,Advanced,0,0,0,0,0
559,44,18,14,2,0.1,Advanced,98,0,0,1,0
560,52,27,93,4,4.1,Masters,0,0,0,1,1
561,67,42,75,4,0.1,Masters,182,0,1,0,0
562,26,2,95,3,0.8,Undergraduate,0,0,1,0,0
563,29,2,30,4,1.5,Masters,112,0,0,1,0
564,48,23,173,3,0.2,Undergraduate,0,1,1,1,1
565,63,39,41,2,1.1,Undergraduate,0,0,0,0,0
566,45,21,39,2,2.1,Advanced,0,0,0,1,0
567,30,6,72,1,0.1,Undergraduate,207,0,0,0,0
568,36,10,179,3,6.6,Undergraduate,0,0,1,0,1
569,57,31,53,1,0.8,Masters,120,0,0,0,0
570,31,6,92,2,3.3,Undergraduate,0,0,0,0,0
571,61,35,83,2,1.7,Advanced,245,0,1,0,0
572,63,39,41,4,1.3,Masters,0,0,1,0,0
573,61,35,74,2,0.7,Masters,0,0,1,1,0
574,40,15,43,4,1.7,Undergraduate,98,0,0,0,0
575,30,5,98,2,3.1,Undergraduate,220,0,1,0,0
576,27,1,80,2,1.6,Advanced,185,0,1,1,0
577,55,30,40,2,2.3,Advanced,0,0,1,0,0
578,52,26,178,1,1,Undergraduate,0,0,0,0,0
579,46,20,185,4,7.5,Masters,428,0,0,1,1
580,60,36,195,1,4.7,Undergraduate,0,0,1,0,0
581,25,-1,113,4,2.3,Advanced,0,0,0,1,0
582,41,17,28,1,0.7,Undergraduate,0,0,0,1,0
583,36,10,21,3,0.1,Masters,0,0,0,0,0
584,39,15,61,2,0.6,Advanced,127,0,0,0,0
585,43,18,10,2,0.1,Masters,0,0,0,1,0
586,65,39,113,4,2.4,Advanced,0,0,1,0,0
587,42,17,60,1,2.4,Undergraduate,98,0,1,0,0
588,35,9,29,3,0.9,Undergraduate,126,0,1,0,0
589,33,8,130,3,6.3,Masters,99,0,0,1,1
590,44,20,71,4,2,Advanced,0,0,0,1,0
591,63,39,58,1,0,Masters,0,0,1,0,0
592,54,29,183,1,8.1,Undergraduate,0,0,1,1,0
593,52,26,62,4,2.8,Masters,0,0,1,0,0
594,65,41,170,4,6.1,Masters,0,1,1,1,1
595,33,9,80,4,3.4,Undergraduate,0,0,1,1,0
596,54,30,54,1,1.6,Advanced,185,0,1,0,0
597,36,11,158,1,5.1,Advanced,0,1,1,1,1
598,51,25,33,1,1.4,Advanced,0,0,1,1,0
599,62,36,42,1,0.5,Advanced,128,0,1,0,0
600,54,28,42,4,2.5,Undergraduate,0,0,1,1,0
601,58,32,130,2,2.7,Undergraduate,0,0,1,0,0
602,60,36,89,2,2.8,Undergraduate,0,0,1,0,0
603,57,32,21,3,0.1,Masters,0,1,1,0,0
604,51,25,180,1,1.7,Undergraduate,0,0,1,0,0
605,64,39,103,1,0.8,Advanced,0,0,1,1,0
606,35,9,84,4,2.2,Masters,322,0,0,0,0
607,42,15,14,3,1,Masters,0,0,0,0,0
608,60,35,38,3,0.5,Masters,0,0,1,1,0
609,50,26,23,4,0.2,Undergraduate,0,0,0,1,0
610,29,4,102,2,3.3,Undergraduate,303,0,0,0,0
611,38,12,43,4,1.2,Masters,0,0,0,1,0
612,28,2,53,3,2.4,Masters,0,0,1,0,0
613,40,10,29,1,0.75,Advanced,0,0,1,0,0
614,37,13,61,3,2.8,Undergraduate,0,0,0,0,0
615,34,9,64,2,0.1,Undergraduate,224,0,1,1,0
616,36,12,79,2,2.2,Undergraduate,0,0,1,0,0
617,59,35,94,1,3.8,Undergraduate,272,0,0,0,0
618,60,34,40,3,2.2,Advanced,0,0,1,0,0
619,45,18,45,3,1,Masters,0,0,1,0,0
620,62,38,24,2,1,Undergraduate,116,0,0,1,0
621,50,24,150,1,7.3,Undergraduate,0,0,1,1,0
622,26,2,92,2,0.2,Undergraduate,0,0,1,0,0
623,29,5,128,2,4.1,Masters,209,0,1,0,1
624,61,31,130,2,2.6,Advanced,0,0,0,0,1
625,42,18,22,1,1,Undergraduate,0,0,0,0,0
626,38,13,171,2,7.8,Undergraduate,0,0,1,0,0
627,42,18,34,4,0.3,Undergraduate,104,0,1,0,0
628,62,37,155,1,1.3,Undergraduate,0,0,0,0,0
629,34,9,191,1,4.8,Advanced,0,1,1,1,1
630,34,9,133,1,3.8,Undergraduate,0,0,1,0,0
631,54,29,25,4,0.1,Advanced,109,0,0,0,0
632,50,23,83,1,2.67,Masters,0,1,1,1,0
633,58,33,23,3,1.3,Masters,131,0,0,0,0
634,34,10,13,4,1,Undergraduate,95,0,1,0,0
635,49,23,49,1,1.2,Masters,0,0,1,1,0
636,35,9,28,4,1,Undergraduate,75,0,1,0,0
637,36,12,40,2,0.6,Advanced,0,0,1,1,0
638,43,17,51,1,0.7,Advanced,0,0,0,0,0
639,55,25,42,3,1,Advanced,0,0,1,0,0
640,36,12,123,2,3,Advanced,0,0,0,0,1
641,56,30,44,4,2.5,Undergraduate,0,0,0,1,0
642,45,20,201,2,2.8,Undergraduate,0,0,1,1,0
643,26,1,80,1,0.8,Masters,150,0,0,0,0
644,50,25,43,1,1.4,Advanced,137,0,1,0,0
645,39,14,161,1,4.1,Undergraduate,509,0,0,0,0
646,49,25,8,1,0.3,Undergraduate,97,0,0,0,0
647,48,24,165,1,5,Undergraduate,0,0,0,1,0
648,52,28,118,2,6.8,Undergraduate,112,0,1,0,0
649,39,15,72,4,2.4,Undergraduate,0,0,1,0,0
650,52,26,91,1,4.3,Masters,0,1,1,1,1
651,53,29,25,2,0.4,Undergraduate,0,0,1,0,0
652,55,31,63,3,2.67,Undergraduate,0,0,1,0,0
653,33,7,31,4,1,Undergraduate,0,0,1,1,0
654,45,19,109,3,1.1,Undergraduate,0,0,0,0,0
655,36,12,18,1,0.5,Advanced,0,0,0,1,0
656,44,20,52,1,0.8,Advanced,196,0,0,1,0
657,52,26,34,1,0.3,Advanced,0,0,1,0,0
658,31,7,35,1,1.33,Undergraduate,131,0,0,1,0
659,34,9,84,3,0.6,Masters,0,0,1,0,0
660,30,6,82,2,2.5,Undergraduate,0,0,0,0,0
661,31,5,30,4,0.3,Masters,0,0,1,0,0
662,44,19,49,4,1.9,Advanced,89,0,1,0,0
663,50,24,38,4,0.1,Undergraduate,0,0,1,0,0
664,61,36,18,1,1.3,Undergraduate,0,0,0,0,0
665,45,19,85,2,1.7,Masters,0,0,1,0,0
666,27,1,83,4,2.1,Advanced,0,0,1,1,0
667,49,25,90,4,1.4,Masters,0,0,1,0,0
668,37,13,89,2,1.7,Masters,0,0,1,0,0
669,34,8,52,4,0.2,Undergraduate,0,0,1,0,0
670,52,25,180,2,9,Masters,297,0,1,0,1
671,27,3,72,4,0,Undergraduate,0,0,1,0,0
672,40,14,54,2,0.7,Undergraduate,0,0,0,0,0
673,39,13,61,2,2.4,Masters,90,0,1,0,0
674,43,19,70,3,2.33,Undergraduate,0,0,0,0,0
675,48,22,133,2,3.1,Masters,0,0,1,0,1
676,49,22,103,3,2,Masters,167,0,0,0,0
677,33,7,30,2,2,Advanced,132,0,0,0,0
678,45,21,69,4,1.9,Undergraduate,0,0,0,0,0
679,55,30,82,4,3.8,Masters,0,0,1,0,0
680,39,14,54,2,1.1,Masters,159,0,0,1,0
681,44,17,12,3,0.67,Masters,0,0,1,0,0
682,38,13,91,1,2.8,Undergraduate,0,0,1,1,0
683,64,40,58,1,1.8,Advanced,0,0,1,0,0
684,65,41,45,3,0.1,Advanced,0,0,1,0,0
685,53,23,20,4,0.4,Advanced,0,0,1,1,0
686,52,28,83,1,0,Undergraduate,0,0,1,0,0
687,58,32,62,3,2.2,Advanced,217,1,1,1,0
688,58,34,22,1,0.1,Masters,0,0,1,0,0
689,46,20,82,3,0.7,Masters,0,0,1,1,0
690,44,19,30,1,0.6,Advanced,0,0,1,0,0
691,59,35,111,1,4.3,Undergraduate,0,0,1,0,0
692,37,13,84,1,3.6,Masters,0,0,0,0,0
693,33,9,22,4,0.4,Masters,103,0,1,0,0
694,52,26,59,3,3,Masters,0,0,1,0,0
695,41,16,115,1,7,Undergraduate,0,0,0,0,0
696,29,5,84,3,0.8,Undergraduate,0,0,0,0,0
697,48,22,42,1,1.2,Masters,0,0,0,0,0
698,56,31,74,3,1.6,Advanced,0,0,1,1,0
699,32,6,35,3,1,Undergraduate,0,0,1,0,0
700,56,30,24,2,0.4,Advanced,88,0,0,0,0
701,36,12,150,4,5.4,Undergraduate,0,1,1,0,1
702,50,24,124,1,4.9,Undergraduate,266,0,1,0,0
703,49,24,13,4,0.8,Undergraduate,111,0,1,0,0
704,55,25,44,3,1,Advanced,0,0,1,0,0
705,59,35,14,2,1,Undergraduate,107,0,1,0,0
706,58,33,28,2,0.5,Masters,146,0,1,0,0
707,55,29,53,1,1.4,Undergraduate,0,0,0,0,0
708,62,36,29,2,0.7,Advanced,0,0,0,0,0
709,44,18,72,1,0.7,Advanced,155,0,0,0,0
710,54,30,112,2,6.8,Undergraduate,0,0,1,0,0
711,27,1,141,4,5.1,Advanced,354,0,0,0,1
712,38,14,39,1,2,Masters,0,0,1,0,0
713,65,40,95,3,3.7,Masters,138,0,0,1,1
714,31,5,93,2,3.1,Masters,0,0,1,0,1
715,54,30,133,1,5,Masters,0,0,0,1,1
716,58,34,151,3,0.6,Masters,0,0,0,0,1
717,26,0,132,3,6.5,Advanced,0,0,0,1,1
718,36,12,123,2,5.6,Masters,0,1,1,1,1
719,46,22,125,2,4.7,Advanced,0,0,1,0,1
720,60,35,135,3,0.3,Advanced,0,0,1,0,1
721,32,7,123,2,2.9,Masters,0,0,1,0,1
722,33,7,188,2,7,Masters,581,0,0,0,1
723,54,29,119,3,2,Undergraduate,0,1,0,0,1
724,40,16,155,4,0.1,Advanced,0,1,1,1,1
725,56,32,98,3,3.9,Advanced,0,0,0,0,1
726,43,19,123,3,1.3,Undergraduate,0,0,1,0,1
727,32,7,98,1,4.2,Undergraduate,171,1,0,0,1
728,54,30,194,3,6,Advanced,587,1,1,1,1
729,59,35,108,4,3.8,Masters,304,0,1,0,1
730,63,39,131,3,2.6,Advanced,229,0,1,0,1
731,50,24,188,3,1.3,Undergraduate,184,0,0,1,1
732,56,32,190,3,2.2,Undergraduate,0,1,1,0,1
733,56,32,161,1,5.8,Advanced,0,0,0,0,1
734,26,2,60,2,3,Undergraduate,132,0,0,0,1
735,49,19,169,3,5.67,Advanced,167,1,0,1,1
736,50,26,192,2,1.8,Advanced,301,1,1,1,1
737,45,20,180,3,8.5,Masters,535,0,0,0,1
738,27,3,135,3,2.7,Advanced,449,0,0,1,1
739,42,16,173,2,1.5,Masters,373,1,1,1,1
740,41,17,94,3,3.8,Masters,327,1,1,0,1
741,57,32,124,1,0.2,Masters,0,0,1,0,1
742,57,33,170,2,2.1,Masters,0,0,0,0,1
743,29,4,110,4,2.5,Advanced,0,0,0,0,1
744,45,20,191,3,2.6,Advanced,123,0,0,0,1
745,59,35,180,2,6.5,Masters,0,1,1,1,1
746,26,2,171,3,6,Masters,0,0,1,0,1
747,34,8,188,1,2.9,Advanced,0,0,1,0,1
748,40,15,173,4,6.6,Undergraduate,0,1,1,1,1
749,47,23,170,2,6.5,Masters,0,1,1,1,1
750,31,7,135,4,3.8,Masters,0,1,1,1,1
751,45,20,114,2,4.4,Masters,0,0,0,0,1
752,42,17,111,3,3,Undergraduate,0,1,0,1,1
753,27,1,140,1,5.9,Masters,175,1,1,0,1
754,29,3,172,4,4.4,Undergraduate,0,0,0,0,1
755,44,20,171,4,0.7,Undergraduate,567,1,1,1,1
756,55,30,153,2,2.8,Masters,0,1,1,0,1
757,27,2,170,3,4.7,Undergraduate,0,0,1,0,1
758,51,25,190,2,4.2,Masters,0,0,1,0,1
759,53,27,115,2,0.5,Advanced,0,0,0,0,1
760,44,18,162,4,1.3,Undergraduate,301,0,0,0,1
761,48,22,149,2,5.5,Masters,0,1,1,0,1
762,65,39,184,1,5.4,Advanced,176,1,1,1,1
763,51,25,104,1,4.2,Masters,0,0,1,0,1
764,44,19,172,2,4.3,Advanced,391,1,1,0,1
765,30,5,125,4,0.5,Advanced,0,1,1,0,1
766,48,23,161,4,7.9,Advanced,310,0,0,0,1
767,53,28,183,3,8.2,Advanced,467,1,1,1,1
768,27,2,130,3,4.4,Undergraduate,192,0,1,0,1
769,60,36,165,3,5.6,Undergraduate,0,0,0,1,1
770,54,27,195,2,4.75,Masters,477,0,0,0,1
771,47,23,178,1,6.5,Advanced,0,0,0,0,1
772,35,10,142,4,0.8,Advanced,0,0,0,0,1
773,49,25,195,4,3,Undergraduate,617,0,0,0,1
774,63,38,134,3,4,Masters,0,0,0,1,1
775,50,26,179,1,2.9,Advanced,0,0,0,1,1
776,61,36,153,1,2.6,Masters,0,1,0,1,1
777,56,32,125,3,0.6,Undergraduate,342,1,1,1,1
778,47,22,124,4,5,Advanced,0,0,0,0,1
779,27,3,105,1,3,Masters,0,0,0,0,1
780,55,29,131,2,0.7,Masters,0,0,0,1,1
781,45,18,163,3,5.33,Masters,0,1,0,1,1
782,63,38,83,2,3.4,Undergraduate,0,0,0,0,1
783,28,4,155,4,5.3,Masters,0,0,1,0,1
784,29,3,103,4,3.4,Undergraduate,0,0,1,0,1
785,35,11,160,4,5.7,Advanced,0,0,0,0,1
786,62,38,195,4,5.2,Advanced,522,1,1,1,1
787,42,18,141,3,5,Advanced,0,1,1,0,1
788,36,11,184,2,5.1,Masters,0,0,0,0,1
789,28,3,193,3,4,Masters,0,0,1,0,1
790,53,29,154,4,7.4,Advanced,0,0,0,0,1
791,46,22,135,3,4.1,Undergraduate,213,0,1,0,1
792,38,14,130,4,4.7,Advanced,134,0,0,0,1
793,58,34,90,1,3.6,Masters,0,0,0,0,1
794,29,3,123,3,5.6,Advanced,428,0,1,0,1
795,26,0,195,3,6.33,Advanced,0,1,1,0,1
796,34,8,175,4,1.1,Advanced,0,1,1,1,1
797,32,8,140,4,6.6,Advanced,0,1,0,1,1
798,61,37,141,3,0.7,Undergraduate,0,1,1,1,1
799,56,32,103,3,4,Advanced,0,0,0,0,1
800,56,31,192,1,7,Advanced,0,1,1,0,1
801,54,30,121,2,1.1,Advanced,0,0,0,0,1
802,38,13,140,4,0.5,Undergraduate,0,0,0,0,1
803,33,9,131,3,2.2,Advanced,0,0,0,0,1
804,34,9,178,1,0.8,Advanced,0,0,0,0,1
805,59,34,145,4,1.8,Undergraduate,198,0,1,0,1
806,44,20,111,2,5.3,Masters,0,0,1,0,1
807,60,33,154,1,3,Masters,0,1,1,0,1
808,30,6,181,3,4.1,Masters,0,1,1,1,1
809,52,26,194,2,5.7,Masters,0,0,1,0,1
810,50,25,130,1,1.1,Masters,0,0,1,0,1
811,53,27,145,2,6.1,Advanced,294,1,1,1,1
812,30,3,172,3,3.4,Masters,0,0,0,1,1
813,63,37,165,4,5.1,Advanced,0,0,0,0,1
814,54,29,111,1,1.1,Masters,0,0,1,0,1
815,33,7,139,1,4,Advanced,106,1,1,1,1
816,65,40,89,1,4.1,Undergraduate,299,1,1,0,1
817,54,28,108,4,1.9,Masters,0,0,1,0,1
818,42,18,153,3,5.6,Undergraduate,416,0,0,0,1
819,58,32,113,2,3.8,Masters,119,1,1,1,1
820,52,22,154,1,5,Advanced,0,1,1,0,1
821,49,25,114,1,2.5,Advanced,0,0,1,0,1
822,34,9,160,4,8,Advanced,0,0,0,1,1
823,41,15,185,1,3.6,Masters,0,0,0,0,1
824,39,12,138,1,4.67,Masters,0,0,1,0,1
825,39,12,108,4,3.67,Masters,301,0,0,1,1
826,61,31,154,3,7.5,Advanced,351,1,1,1,1
827,44,20,130,4,3.2,Masters,0,0,0,0,1
828,34,9,123,1,1.6,Masters,0,0,1,0,1
829,35,10,135,3,4.8,Masters,0,0,1,0,1
830,57,31,113,4,0.6,Advanced,327,0,1,0,1
831,30,5,171,2,1.9,Masters,0,0,0,0,1
832,37,12,182,3,5.8,Advanced,0,0,1,0,1
833,57,31,165,1,1.6,Masters,0,0,1,0,1
834,47,23,190,4,0.3,Advanced,305,0,0,0,1
835,39,14,141,4,6.3,Undergraduate,0,1,1,1,1
836,47,23,149,4,6.1,Undergraduate,0,0,0,1,1
837,57,31,114,4,5.2,Undergraduate,0,1,1,0,1
838,54,30,100,4,3.4,Advanced,0,0,0,0,1
839,36,10,172,4,1,Masters,295,0,1,0,1
840,41,17,143,2,2.7,Advanced,209,0,1,0,1
841,40,14,129,1,5.9,Advanced,0,0,1,0,1
842,27,1,99,1,3,Advanced,149,0,0,1,1
843,46,22,102,3,4.5,Advanced,0,0,1,0,1
844,56,30,164,4,0.5,Masters,234,1,1,1,1
845,34,9,180,1,8.9,Advanced,0,0,0,0,1
846,43,19,170,4,4.25,Undergraduate,318,1,1,1,1
847,49,23,115,3,4.6,Advanced,0,0,0,0,1
848,42,16,185,3,2.2,Masters,0,1,1,1,1
849,45,21,134,4,5.5,Masters,0,1,1,1,1
850,49,23,174,3,4.6,Masters,590,0,0,0,1
851,59,34,83,2,3.4,Advanced,0,0,1,0,1
852,34,10,114,3,3.3,Advanced,0,0,0,0,1
853,35,9,131,3,0.3,Advanced,0,1,1,1,1
854,63,39,101,2,3.9,Advanced,294,0,1,0,1
855,52,26,155,3,7.2,Masters,0,0,1,0,1
856,55,31,159,1,3.9,Advanced,0,0,0,0,1
857,58,32,191,4,5.2,Advanced,194,0,0,1,1
858,47,21,109,4,1.8,Undergraduate,0,0,0,0,1
859,38,13,119,1,3.3,Masters,0,1,1,1,1
860,57,31,164,2,3.8,Advanced,422,1,1,1,1
861,47,22,122,1,5.1,Advanced,163,0,0,0,1
862,44,20,185,3,2.7,Undergraduate,0,0,1,0,1
863,34,9,164,1,6,Advanced,0,0,1,0,1
864,29,4,183,3,8.3,Advanced,0,0,1,0,1
865,42,16,111,2,1.2,Advanced,251,0,1,0,1
866,31,5,129,3,5.9,Advanced,319,1,0,1,1
867,26,2,182,2,3.2,Masters,0,0,0,0,1
868,32,8,142,4,6.2,Masters,120,1,1,1,1
869,29,5,135,3,5.3,Undergraduate,0,1,1,1,1
870,34,9,141,2,4.9,Advanced,0,0,0,1,1
871,51,26,134,4,4.5,Advanced,0,1,1,0,1
872,44,20,101,3,4.4,Masters,82,0,0,0,1
873,33,8,178,3,8.5,Undergraduate,0,1,1,0,1
874,63,37,149,2,0.2,Advanced,364,0,1,0,1
875,44,19,99,3,3.5,Advanced,357,0,0,0,1
876,37,12,169,2,5.2,Advanced,249,0,1,0,1
877,38,12,180,1,2.8,Advanced,158,0,1,0,1
878,63,37,185,2,7.9,Masters,358,0,1,0,1
879,38,13,113,4,1.7,Masters,0,0,0,1,1
880,35,10,182,1,0.3,Masters,229,1,1,1,1
881,54,29,82,3,3.7,Masters,0,0,1,0,1
882,43,16,201,1,10,Masters,0,0,0,1,1
883,32,7,129,4,5.2,Masters,0,0,0,1,1
884,64,37,138,2,2.8,Masters,0,0,1,0,1
885,30,5,131,3,0.5,Advanced,0,0,0,0,1
886,54,28,170,2,6.2,Masters,325,0,1,0,1
887,37,11,139,2,0.8,Masters,421,0,1,0,1
888,55,31,130,4,6.5,Undergraduate,0,0,0,1,1
889,65,41,195,3,0.4,Undergraduate,0,1,0,1,1
890,30,3,150,4,5,Masters,0,0,1,0,1
891,46,21,115,2,4.2,Advanced,0,1,1,1,1
892,30,5,118,4,3,Advanced,0,0,1,0,1
893,56,32,158,3,3.7,Advanced,0,0,1,0,1
894,30,4,142,3,4.2,Undergraduate,359,0,0,0,1
895,29,4,182,1,3.7,Advanced,0,0,1,0,1
896,43,18,128,4,5.3,Undergraduate,84,0,0,0,1
897,65,41,154,2,4.6,Masters,0,1,1,1,1
898,59,34,99,1,4.4,Undergraduate,0,0,0,0,1
899,58,34,149,4,7.2,Masters,0,1,1,1,1
900,65,41,134,3,3.9,Advanced,121,0,1,0,1
901,62,32,142,2,2.8,Advanced,0,0,0,1,1
902,62,36,158,2,6.3,Advanced,0,0,1,0,1
903,50,23,179,4,3.6,Masters,0,0,1,0,1
904,65,41,185,3,2,Masters,0,0,0,0,1
905,28,3,71,1,3.3,Masters,149,1,1,0,1
906,61,36,193,1,4.7,Advanced,203,0,1,0,1
907,33,8,115,4,2.9,Masters,0,0,1,0,1
908,54,29,129,4,4.2,Advanced,0,0,0,0,1
909,61,35,99,1,4.8,Advanced,255,0,0,1,1
910,45,21,133,4,5.7,Advanced,0,1,1,1,1
911,57,31,131,3,0.6,Undergraduate,0,0,1,0,1
912,28,2,182,3,7.2,Masters,442,1,1,1,1
913,65,39,94,4,4.1,Undergraduate,120,1,1,1,1
914,65,41,105,1,3,Masters,282,1,1,0,1
915,32,8,104,2,3.7,Undergraduate,0,0,0,1,1
916,50,24,133,4,1.4,Masters,342,0,0,1,1
917,42,17,154,3,4.9,Undergraduate,0,1,1,1,1
918,61,36,188,1,9.3,Masters,0,0,0,0,1
919,43,17,125,4,3.5,Masters,0,0,0,0,1
920,30,6,118,2,2.8,Masters,0,0,0,0,1
921,59,34,114,3,4.2,Masters,0,0,1,0,1
922,51,25,181,1,3.3,Advanced,589,1,1,0,1
923,39,9,118,2,6,Advanced,246,1,1,1,1
924,35,11,148,1,5.8,Advanced,0,0,1,0,1
925,44,19,142,1,1.5,Advanced,0,0,0,0,1
926,34,8,184,3,7.5,Undergraduate,0,0,0,0,1
927,55,29,172,1,5.2,Masters,0,0,0,0,1
928,45,20,144,4,5.4,Undergraduate,210,0,1,0,1
929,62,37,169,3,5,Masters,184,1,1,1,1
930,58,28,122,1,3,Advanced,115,0,1,0,1
931,46,21,193,2,8.1,Advanced,0,0,0,0,1
932,60,34,139,4,0.4,Undergraduate,0,0,1,0,1
933,56,31,131,2,1.2,Advanced,0,0,0,0,1
934,43,17,111,4,5.4,Advanced,0,0,1,0,1
935,48,22,114,1,2.4,Advanced,0,0,1,0,1
936,63,37,110,1,4.1,Advanced,0,0,0,0,1
937,31,6,133,1,1.5,Advanced,0,0,0,0,1
938,30,6,182,4,0.8,Advanced,94,0,1,0,1
939,56,30,140,4,0.5,Undergraduate,292,0,0,0,1
940,43,17,64,4,3,Advanced,221,0,1,0,1
941,38,13,169,1,6.8,Advanced,0,1,1,1,1
942,63,38,148,2,4.3,Advanced,0,0,1,0,1
943,42,18,103,1,3.33,Undergraduate,0,1,1,1,1
944,43,19,130,2,4.7,Advanced,221,0,0,1,1
945,28,3,161,4,1.7,Advanced,422,1,1,1,1
946,60,35,153,3,2,Advanced,0,0,0,1,1
947,56,32,173,1,4.6,Masters,88,1,1,0,1
948,64,39,182,1,1.2,Masters,547,0,1,0,1
949,50,26,190,3,2.1,Advanced,240,0,1,0,1
950,35,5,108,2,2.75,Advanced,0,0,0,0,1
951,53,28,175,3,3.6,Advanced,0,1,1,1,1
952,57,32,174,1,6.8,Masters,466,0,1,0,1
953,61,35,152,3,3.3,Advanced,0,0,1,0,1
954,35,11,180,1,3.6,Advanced,571,1,1,1,1
955,53,27,139,1,0.9,Advanced,0,0,0,0,1
956,60,35,155,1,1.5,Advanced,0,0,0,1,1
957,38,13,168,2,1.3,Advanced,0,0,0,0,1
958,50,25,83,4,3.1,Undergraduate,0,0,0,1,1
959,38,13,129,4,0.3,Advanced,75,0,1,0,1
960,52,28,168,3,6.5,Advanced,118,0,1,0,1
961,45,21,132,3,1.2,Masters,0,1,1,1,1
962,40,14,179,1,2.6,Advanced,0,0,1,0,1
963,50,25,99,1,4.6,Undergraduate,368,1,0,1,1
964,29,3,148,3,4.1,Undergraduate,0,0,1,0,1
965,35,11,190,3,3.1,Masters,266,0,0,0,1
966,35,9,109,3,4,Undergraduate,0,0,0,0,1
967,46,20,158,3,5.4,Undergraduate,432,0,0,1,1
968,61,37,172,4,4.25,Undergraduate,0,1,1,1,1
969,50,26,135,2,4.6,Advanced,91,0,1,0,1
970,34,8,65,1,3,Undergraduate,227,0,1,0,1
971,28,3,118,3,2.4,Masters,161,0,0,0,1
972,60,35,173,3,3.1,Advanced,0,0,1,0,1
973,36,12,113,4,0.2,Undergraduate,0,0,0,0,1
974,53,27,174,1,2.9,Masters,0,0,1,0,1
975,30,6,193,3,6.3,Advanced,0,0,1,0,1
976,51,24,189,4,4.75,Masters,0,0,1,0,1
977,64,39,122,4,0.2,Undergraduate,378,0,1,0,1
978,38,14,182,3,2.6,Advanced,0,1,1,1,1
979,37,12,194,4,0.2,Advanced,211,1,1,1,1
980,33,9,125,1,4.3,Advanced,0,0,1,0,1
981,41,17,138,3,6.9,Masters,0,0,1,0,1
982,51,25,163,2,1.3,Advanced,0,0,1,0,1
983,36,12,109,3,0.5,Advanced,0,1,1,0,1
984,41,16,175,2,1.1,Advanced,0,0,1,0,1
985,26,0,164,2,4,Advanced,301,0,1,0,1
986,60,35,191,4,5.6,Advanced,0,0,0,0,1
987,31,5,180,1,2.9,Advanced,144,0,0,0,1
988,44,18,75,2,3.5,Undergraduate,0,0,1,0,1
989,35,9,188,2,3.7,Masters,259,0,1,0,1
990,42,16,191,3,4.8,Masters,0,1,1,0,1
991,47,22,95,2,3.9,Masters,0,0,0,0,1
992,65,40,143,4,6.6,Masters,0,0,1,0,1
993,60,36,145,4,6.9,Undergraduate,380,0,0,1,1
994,62,36,135,2,5.2,Masters,0,0,1,0,1
995,52,26,110,2,5.4,Advanced,204,1,1,0,1
996,43,18,179,3,1.2,Undergraduate,0,1,1,0,1
997,28,3,170,1,0.1,Advanced,0,0,0,0,1
998,48,22,162,3,1.4,Undergraduate,400,0,0,0,1
999,62,37,125,1,1,Advanced,0,0,1,0,1
1000,43,19,121,1,0.7,Masters,0,1,1,1,1
1001,48,24,162,4,3.3,Masters,446,1,1,0,1
1002,47,21,83,1,3.8,Undergraduate,97,0,0,0,1
1003,58,31,178,2,6,Masters,0,0,1,0,1
1004,56,30,158,4,6.1,Undergraduate,0,0,0,0,1
1005,48,18,182,4,6,Advanced,0,0,1,0,1
1006,51,25,175,3,0.7,Undergraduate,312,0,0,0,1
1007,32,7,81,2,3.4,Masters,0,0,0,1,1
1008,43,19,83,4,3.6,Advanced,0,0,0,1,1
1009,62,37,93,3,3,Advanced,0,1,1,1,1
1010,40,16,119,2,4.2,Masters,0,0,1,0,1
1011,64,34,179,2,4.5,Advanced,400,0,0,0,1
1012,35,5,203,1,10,Advanced,0,0,0,0,1
1013,44,20,132,3,2.6,Undergraduate,308,0,0,0,1
1014,29,0,134,4,6.5,Advanced,0,0,0,0,1
1015,33,9,184,2,4.8,Masters,0,0,0,0,1
1016,61,36,184,4,2.3,Masters,342,1,1,1,1
1017,28,4,112,2,1.6,Masters,0,0,1,0,1
1018,43,19,174,3,1.7,Advanced,231,1,1,1,1
1019,42,17,168,2,7.9,Masters,0,0,1,0,1
1020,34,8,165,1,7,Advanced,541,0,0,0,1
1021,55,29,132,3,5.9,Masters,307,0,0,0,1
1022,44,20,131,1,4.9,Advanced,0,0,1,0,1
1023,60,35,130,3,6.3,Advanced,437,1,1,1,1
1024,33,6,168,3,5.67,Masters,0,1,1,0,1
1025,46,20,103,4,4.8,Advanced,0,0,1,0,1
1026,44,18,123,3,5.9,Undergraduate,0,1,1,1,1
1027,36,12,69,3,3.1,Masters,0,0,1,0,1
1028,42,17,139,2,2.9,Advanced,0,0,1,0,1
1029,45,15,202,3,10,Advanced,0,0,0,0,1
1030,64,40,181,2,2.3,Masters,0,1,1,1,1
1031,33,8,120,2,4.2,Advanced,76,0,0,1,1
1032,63,33,178,4,9,Advanced,0,0,0,0,1
1033,57,32,165,4,2.7,Advanced,0,0,1,0,1
1034,55,30,118,4,5.6,Masters,0,0,1,0,1
1035,34,8,164,4,7.4,Advanced,0,0,1,0,1
1036,32,8,119,4,5,Advanced,0,0,1,0,1
1037,30,6,179,3,4.9,Undergraduate,142,0,1,0,1
1038,40,16,89,3,3.9,Masters,216,1,1,0,1
1039,39,13,139,3,3.4,Undergraduate,483,0,1,0,1
1040,40,14,164,1,4.3,Masters,0,0,0,0,1
1041,54,28,165,1,4.1,Advanced,0,1,1,1,1
1042,43,16,161,3,8,Masters,0,1,1,1,1
1043,52,26,158,2,3.7,Advanced,251,0,0,1,1
1044,27,2,158,3,0.4,Masters,0,1,1,0,1
1045,50,25,160,4,4.3,Advanced,410,0,0,0,1
1046,62,36,148,3,7,Masters,0,0,1,0,1
1047,34,9,141,3,6.9,Masters,260,0,1,0,1
1048,54,27,120,4,3,Masters,431,0,1,0,1
1049,30,6,95,1,3.9,Advanced,146,0,0,1,1
1050,35,11,188,1,0.9,Advanced,282,0,1,0,1
1051,48,23,84,4,3.1,Masters,0,1,1,0,1
1052,36,6,138,1,7,Advanced,86,0,1,0,1
1053,61,36,119,2,5.4,Masters,0,0,1,0,1
1054,63,37,124,3,5,Masters,170,0,0,0,1
1055,29,3,175,3,3.3,Advanced,329,0,1,0,1
1056,48,22,152,1,3.5,Advanced,0,0,1,0,1
1057,52,26,182,2,1.4,Masters,0,0,1,0,1
1058,63,39,101,1,3.9,Undergraduate,0,1,1,0,1
1059,37,11,190,4,7.3,Masters,565,1,1,0,1
1060,26,2,132,2,2.4,Advanced,0,0,0,1,1
1061,47,21,174,4,3.2,Advanced,0,0,0,0,1
1062,29,4,120,1,4.1,Masters,0,1,0,1,1
1063,49,24,130,4,1.1,Undergraduate,281,1,1,0,1
1064,46,20,122,3,3,Advanced,0,1,1,1,1
1065,27,3,118,1,3.3,Masters,0,0,1,0,1
1066,42,18,158,2,0.4,Masters,277,0,0,1,1
1067,33,8,145,1,2.7,Advanced,0,0,1,0,1
1068,46,22,183,1,3.1,Masters,0,1,1,1,1
1069,59,35,168,4,4.1,Masters,0,0,1,0,1
1070,59,35,85,1,3.4,Advanced,0,1,0,1,1
1071,38,13,129,3,4.1,Advanced,0,1,1,1,1
1072,53,28,192,2,6.4,Advanced,0,0,0,0,1
1073,38,12,184,3,8,Undergraduate,0,0,1,0,1
1074,42,16,141,3,4,Masters,0,0,0,0,1
1075,36,11,181,3,1.4,Undergraduate,0,0,0,0,1
1076,35,9,113,3,0.8,Advanced,0,0,1,0,1
1077,50,26,115,1,1.2,Advanced,0,0,0,1,1
1078,43,19,152,3,6.1,Masters,0,0,0,0,1
1079,61,36,169,2,6.1,Advanced,106,1,1,1,1
1080,49,23,140,1,1.9,Advanced,0,0,0,1,1
1081,46,21,159,3,1.9,Advanced,315,0,1,0,1
1082,38,13,129,4,4.4,Undergraduate,140,0,0,0,1
1083,57,33,182,2,3.3,Advanced,372,0,0,0,1
1084,32,7,132,4,1.1,Masters,412,0,1,0,1
1085,58,33,122,4,0.2,Masters,0,1,1,0,1
1086,37,11,123,1,2.3,Masters,0,1,1,0,1
1087,65,39,160,4,3.8,Undergraduate,237,0,1,0,1
1088,34,9,180,2,6.5,Advanced,0,1,1,0,1
1089,28,3,115,4,3.1,Masters,0,0,0,0,1
1090,51,27,188,2,6.9,Masters,343,0,1,0,1
1091,55,30,145,2,6,Advanced,0,0,1,0,1
1092,53,29,141,2,0.2,Advanced,0,0,0,0,1
1093,26,1,184,2,4.2,Advanced,577,1,1,1,1
1094,36,11,183,1,3,Advanced,0,1,1,1,1
1095,33,9,183,2,8.8,Advanced,582,0,1,0,1
1096,42,18,164,1,1.3,Advanced,0,1,1,1,1
1097,55,29,111,2,3.6,Advanced,0,0,0,1,1
1098,48,24,144,4,3.5,Masters,0,0,0,0,1
1099,46,20,105,4,3.2,Undergraduate,0,0,0,0,1
1100,52,26,161,4,4.3,Undergraduate,0,1,1,1,1
1101,58,34,152,4,3.6,Advanced,0,0,0,0,1
1102,41,16,114,4,3.5,Undergraduate,0,0,0,1,1
1103,36,12,142,3,2.3,Masters,0,1,1,1,1
1104,53,28,173,4,2.7,Undergraduate,427,0,1,0,1
1105,27,1,134,1,1.7,Masters,307,0,1,0,1
1106,46,20,152,1,7.4,Advanced,374,1,1,1,1
1107,49,25,161,3,6.5,Masters,485,1,0,0,1
1108,54,29,154,1,2.4,Masters,352,0,1,0,1
1109,32,7,143,3,2.9,Advanced,0,0,1,0,1
1110,57,33,134,4,0.9,Undergraduate,198,0,1,0,1
1111,52,27,85,3,3.4,Advanced,0,0,0,0,1
1112,45,19,128,4,6,Advanced,0,0,1,0,1
1113,37,12,123,4,3.1,Masters,253,1,1,1,1
1114,37,13,158,2,2.3,Masters,0,1,1,1,1
1115,53,29,120,4,2.7,Masters,111,1,1,0,1
1116,26,0,179,4,2.1,Masters,0,0,0,0,1
1117,63,37,132,1,4.4,Masters,0,0,1,0,1